{
  "config_name": "CoT_Paths",
  "prompt_type": "cot",
  "schema_format": "only_paths",
  "pass_at_1_rate": 19.230769230769234,
  "kg_valid_rate": 44.230769230769226,
  "avg_bleu": 0.396388576435272,
  "avg_rouge_l_f1": 0.6238923076923079,
  "avg_jaro_winkler": 0.8643832409288125,
  "avg_jaccard_cypher": 0.5167414070845333,
  "avg_jaccard_output": 0.2697344322344323,
  "avg_llmetric_q": 36.58748385336578,
  "llmetric": 36.29760484933271,
  "agentic_metrics": {
    "total_questions": 52,
    "successful_questions": 23,
    "failed_questions": 29,
    "success_rate": 0.4423076923076923,
    "avg_iterations": 2.1346153846153846,
    "max_iterations_used": 3,
    "first_attempt_success_rate": 0.4230769230769231,
    "recovery_rate": 0.03333333333333333,
    "iterations_to_success": {
      "1": 22,
      "2": 1
    },
    "error_type_distribution": {
      "syntax_error": 73,
      "schema_error": 8,
      "properties_error": 2,
      "empty_result": 5
    },
    "error_recovery_by_type": {
      "syntax_error": 0.038461538461538464,
      "schema_error": 0.0,
      "empty_result": 0.0
    },
    "improvement_per_iteration": [
      0.4230769230769231,
      0.4423076923076923,
      0.4423076923076923
    ]
  },
  "total_questions": 52
}