{
  "timestamp": "2025-12-31T12:37:28.356860",
  "llm_provider": "ollama",
  "llm_model": "qwen2.5-coder:3b",
  "total_configurations": 9,
  "configurations": {
    "Zero-Shot_Full": {
      "config_name": "Zero-Shot_Full",
      "prompt_type": "zero_shot",
      "schema_format": "full_schema",
      "pass_at_1_rate": 23.076923076923077,
      "kg_valid_rate": 50.0,
      "avg_bleu": 0.39043626110404345,
      "avg_rouge_l_f1": 0.5499211538461538,
      "avg_jaro_winkler": 0.8438944610582606,
      "avg_jaccard_cypher": 0.5796604070332401,
      "avg_jaccard_output": 0.27256882133444515,
      "avg_llmetric_q": 39.790404696785465,
      "llmetric": 39.3435314242879,
      "agentic_metrics": {
        "total_questions": 52,
        "successful_questions": 26,
        "failed_questions": 26,
        "success_rate": 0.5,
        "avg_iterations": 2.1538461538461537,
        "max_iterations_used": 3,
        "first_attempt_success_rate": 0.36538461538461536,
        "recovery_rate": 0.21212121212121213,
        "iterations_to_success": {
          "1": 19,
          "2": 6,
          "3": 1
        },
        "error_type_distribution": {
          "properties_error": 4,
          "schema_error": 51,
          "empty_result": 20,
          "syntax_error": 11
        },
        "error_recovery_by_type": {
          "properties_error": 0.5,
          "schema_error": 0.25,
          "empty_result": 0.0,
          "syntax_error": 0.2
        },
        "improvement_per_iteration": [
          0.36538461538461536,
          0.4807692307692308,
          0.5
        ]
      },
      "total_questions": 52
    },
    "Zero-Shot_Nodes+Paths": {
      "config_name": "Zero-Shot_Nodes+Paths",
      "prompt_type": "zero_shot",
      "schema_format": "nodes_paths",
      "pass_at_1_rate": 21.153846153846153,
      "kg_valid_rate": 44.230769230769226,
      "avg_bleu": 0.37822947604753754,
      "avg_rouge_l_f1": 0.5296307692307691,
      "avg_jaro_winkler": 0.8564460825052739,
      "avg_jaccard_cypher": 0.5803807682940677,
      "avg_jaccard_output": 0.24347613866690349,
      "avg_llmetric_q": 36.28358618879587,
      "llmetric": 35.83836857047982,
      "agentic_metrics": {
        "total_questions": 52,
        "successful_questions": 23,
        "failed_questions": 29,
        "success_rate": 0.4423076923076923,
        "avg_iterations": 2.269230769230769,
        "max_iterations_used": 3,
        "first_attempt_success_rate": 0.3076923076923077,
        "recovery_rate": 0.19444444444444445,
        "iterations_to_success": {
          "1": 16,
          "2": 6,
          "3": 1
        },
        "error_type_distribution": {
          "properties_error": 7,
          "schema_error": 50,
          "empty_result": 20,
          "syntax_error": 18
        },
        "error_recovery_by_type": {
          "properties_error": 0.5,
          "schema_error": 0.23809523809523808,
          "syntax_error": 0.0,
          "empty_result": 0.0
        },
        "improvement_per_iteration": [
          0.3076923076923077,
          0.4230769230769231,
          0.4423076923076923
        ]
      },
      "total_questions": 52
    },
    "Zero-Shot_Paths": {
      "config_name": "Zero-Shot_Paths",
      "prompt_type": "zero_shot",
      "schema_format": "only_paths",
      "pass_at_1_rate": 21.153846153846153,
      "kg_valid_rate": 48.07692307692308,
      "avg_bleu": 0.4008143941562464,
      "avg_rouge_l_f1": 0.5517923076923078,
      "avg_jaro_winkler": 0.8497147135533448,
      "avg_jaccard_cypher": 0.5793309755844093,
      "avg_jaccard_output": 0.2583755922716681,
      "avg_llmetric_q": 38.13560981985342,
      "llmetric": 37.75197002858471,
      "agentic_metrics": {
        "total_questions": 52,
        "successful_questions": 25,
        "failed_questions": 27,
        "success_rate": 0.4807692307692308,
        "avg_iterations": 2.1346153846153846,
        "max_iterations_used": 3,
        "first_attempt_success_rate": 0.38461538461538464,
        "recovery_rate": 0.15625,
        "iterations_to_success": {
          "1": 20,
          "2": 5
        },
        "error_type_distribution": {
          "properties_error": 8,
          "schema_error": 47,
          "syntax_error": 19,
          "empty_result": 12
        },
        "error_recovery_by_type": {
          "properties_error": 0.3333333333333333,
          "schema_error": 0.16666666666666666,
          "syntax_error": 0.14285714285714285,
          "empty_result": 0.0
        },
        "improvement_per_iteration": [
          0.38461538461538464,
          0.4807692307692308,
          0.4807692307692308
        ]
      },
      "total_questions": 52
    },
    "Few-Shot_Full": {
      "config_name": "Few-Shot_Full",
      "prompt_type": "few_shot",
      "schema_format": "full_schema",
      "pass_at_1_rate": 28.846153846153843,
      "kg_valid_rate": 63.46153846153846,
      "avg_bleu": 0.4114453921855293,
      "avg_rouge_l_f1": 0.6322269230769232,
      "avg_jaro_winkler": 0.8750285754818724,
      "avg_jaccard_cypher": 0.5450146376011229,
      "avg_jaccard_output": 0.35815278790192057,
      "avg_llmetric_q": 49.2191172915206,
      "llmetric": 48.73779478929393,
      "agentic_metrics": {
        "total_questions": 52,
        "successful_questions": 33,
        "failed_questions": 19,
        "success_rate": 0.6346153846153846,
        "avg_iterations": 1.8076923076923077,
        "max_iterations_used": 3,
        "first_attempt_success_rate": 0.5576923076923077,
        "recovery_rate": 0.17391304347826086,
        "iterations_to_success": {
          "1": 29,
          "2": 4
        },
        "error_type_distribution": {
          "syntax_error": 12,
          "schema_error": 36,
          "empty_result": 11,
          "properties_error": 2
        },
        "error_recovery_by_type": {
          "syntax_error": 0.0,
          "schema_error": 0.25,
          "empty_result": 0.0
        },
        "improvement_per_iteration": [
          0.5576923076923077,
          0.6346153846153846,
          0.6346153846153846
        ]
      },
      "total_questions": 52
    },
    "Few-Shot_Nodes+Paths": {
      "config_name": "Few-Shot_Nodes+Paths",
      "prompt_type": "few_shot",
      "schema_format": "nodes_paths",
      "pass_at_1_rate": 25.0,
      "kg_valid_rate": 59.61538461538461,
      "avg_bleu": 0.3936395647249554,
      "avg_rouge_l_f1": 0.6116673076923077,
      "avg_jaro_winkler": 0.864483998316871,
      "avg_jaccard_cypher": 0.5438467778298043,
      "avg_jaccard_output": 0.32867122152629286,
      "avg_llmetric_q": 45.787508977100885,
      "llmetric": 45.300334806725594,
      "agentic_metrics": {
        "total_questions": 52,
        "successful_questions": 31,
        "failed_questions": 21,
        "success_rate": 0.5961538461538461,
        "avg_iterations": 1.9423076923076923,
        "max_iterations_used": 3,
        "first_attempt_success_rate": 0.5,
        "recovery_rate": 0.19230769230769232,
        "iterations_to_success": {
          "1": 26,
          "2": 3,
          "3": 2
        },
        "error_type_distribution": {
          "syntax_error": 22,
          "schema_error": 32,
          "empty_result": 14,
          "properties_error": 2
        },
        "error_recovery_by_type": {
          "syntax_error": 0.0,
          "schema_error": 0.38461538461538464,
          "empty_result": 0.0
        },
        "improvement_per_iteration": [
          0.5,
          0.5576923076923077,
          0.5961538461538461
        ]
      },
      "total_questions": 52
    },
    "Few-Shot_Paths": {
      "config_name": "Few-Shot_Paths",
      "prompt_type": "few_shot",
      "schema_format": "only_paths",
      "pass_at_1_rate": 25.0,
      "kg_valid_rate": 63.46153846153846,
      "avg_bleu": 0.4035960851160183,
      "avg_rouge_l_f1": 0.6291634615384616,
      "avg_jaro_winkler": 0.8714184450118909,
      "avg_jaccard_cypher": 0.545381289249184,