{
  "timestamp": "2025-12-31T09:01:40.653108",
  "total_configurations": 9,
  "configurations": {
    "Zero-Shot_Full": {
      "config_name": "Zero-Shot_Full",
      "prompt_type": "zero_shot",
      "schema_format": "full_schema",
      "pass_at_1_rate": 34.61538461538461,
      "kg_valid_rate": 69.23076923076923,
      "avg_bleu": 0.34156836445854744,
      "avg_rouge_l_f1": 0.47698846153846153,
      "avg_jaro_winkler": 0.7896767813689787,
      "avg_jaccard_cypher": 0.47737095717706407,
      "avg_jaccard_output": 0.45735820136770705,
      "avg_llmetric_q": 54.27661452304364,
      "llmetric": 53.557413318814426,
      "agentic_metrics": {
        "total_questions": 52,
        "successful_questions": 36,
        "failed_questions": 16,
        "success_rate": 0.6923076923076923,
        "avg_iterations": 1.8461538461538463,
        "max_iterations_used": 3,
        "first_attempt_success_rate": 0.5576923076923077,
        "recovery_rate": 0.30434782608695654,
        "iterations_to_success": {
          "1": 29,
          "3": 5,
          "2": 2
        },
        "error_type_distribution": {
          "syntax_error": 53,
          "properties_error": 3,
          "empty_result": 3,
          "schema_error": 1
        },
        "error_recovery_by_type": {
          "syntax_error": 0.35,
          "properties_error": 0.0,
          "empty_result": 0.0
        },
        "improvement_per_iteration": [
          0.5576923076923077,
          0.5961538461538461,
          0.6923076923076923
        ]
      },
      "total_questions": 52
    },
    "Zero-Shot_Nodes+Paths": {
      "config_name": "Zero-Shot_Nodes+Paths",
      "prompt_type": "zero_shot",
      "schema_format": "nodes_paths",
      "pass_at_1_rate": 25.0,
      "kg_valid_rate": 65.38461538461539,
      "avg_bleu": 0.33092353387517687,
      "avg_rouge_l_f1": 0.4560653846153848,
      "avg_jaro_winkler": 0.7787829186000284,
      "avg_jaccard_cypher": 0.4756587405778735,
      "avg_jaccard_output": 0.3619464556357209,
      "avg_llmetric_q": 47.54747299554224,
      "llmetric": 47.067016782637644,
      "agentic_metrics": {
        "total_questions": 52,
        "successful_questions": 34,
        "failed_questions": 18,
        "success_rate": 0.6538461538461539,
        "avg_iterations": 1.8846153846153846,
        "max_iterations_used": 3,
        "first_attempt_success_rate": 0.5192307692307693,
        "recovery_rate": 0.28,
        "iterations_to_success": {
          "1": 27,
          "3": 3,
          "2": 4
        },
        "error_type_distribution": {
          "syntax_error": 61,
          "empty_result": 2,
          "properties_error": 1
        },
        "error_recovery_by_type": {
          "syntax_error": 0.2916666666666667,
          "properties_error": 0.0
        },
        "improvement_per_iteration": [
          0.5192307692307693,
          0.5961538461538461,
          0.6538461538461539
        ]
      },
      "total_questions": 52
    },
    "Zero-Shot_Paths": {
      "config_name": "Zero-Shot_Paths",
      "prompt_type": "zero_shot",
      "schema_format": "only_paths",
      "pass_at_1_rate": 28.846153846153843,
      "kg_valid_rate": 65.38461538461539,
      "avg_bleu": 0.32554115788143867,
      "avg_rouge_l_f1": 0.4527153846153845,
      "avg_jaro_winkler": 0.7803831312064801,
      "avg_jaccard_cypher": 0.4400265083678565,
      "avg_jaccard_output": 0.40028955114526554,
      "avg_llmetric_q": 49.52278166519897,
      "llmetric": 48.978975909706946,
      "agentic_metrics": {
        "total_questions": 52,
        "successful_questions": 34,
        "failed_questions": 18,
        "success_rate": 0.6538461538461539,
        "avg_iterations": 1.8461538461538463,
        "max_iterations_used": 3,
        "first_attempt_success_rate": 0.5192307692307693,
        "recovery_rate": 0.28,
        "iterations_to_success": {
          "1": 27,
          "2": 6,
          "3": 1
        },
        "error_type_distribution": {
          "syntax_error": 56,
          "empty_result": 5,
          "properties_error": 1
        },
        "error_recovery_by_type": {
          "syntax_error": 0.3181818181818182,
          "empty_result": 0.0,
          "properties_error": 0.0
        },
        "improvement_per_iteration": [
          0.5192307692307693,
          0.6346153846153846,
          0.6538461538461539
        ]
      },
      "total_questions": 52
    },
    "Few-Shot_Full": {
      "config_name": "Few-Shot_Full",
      "prompt_type": "few_shot",
      "schema_format": "full_schema",
      "pass_at_1_rate": 34.61538461538461,
      "kg_valid_rate": 44.230769230769226,
      "avg_bleu": 0.16962046524349617,
      "avg_rouge_l_f1": 0.32616153846153845,
      "avg_jaro_winkler": 0.43284991927049704,
      "avg_jaccard_cypher": 0.2663878037645978,
      "avg_jaccard_output": 0.39051909628832704,
      "avg_llmetric_q": 40.263176467809636,
      "llmetric": 39.68236229134979,
      "agentic_metrics": {
        "total_questions": 26,
        "successful_questions": 23,
        "failed_questions": 3,
        "success_rate": 0.8846153846153846,
        "avg_iterations": 1.4230769230769231,
        "max_iterations_used": 3,
        "first_attempt_success_rate": 0.7307692307692307,
        "recovery_rate": 0.5714285714285714,
        "iterations_to_success": {
          "1": 19,
          "2": 3,
          "3": 1
        },
        "error_type_distribution": {
          "syntax_error": 14
        },
        "error_recovery_by_type": {
          "syntax_error": 0.5714285714285714
        },
        "improvement_per_iteration": [
          0.7307692307692307,
          0.8461538461538461,
          0.8846153846153846
        ]
      },
      "total_questions": 52
    },
    "Few-Shot_Nodes+Paths": {
      "config_name": "Few-Shot_Nodes+Paths",
      "prompt_type": "few_shot",
      "schema_format": "nodes_paths",
      "pass_at_1_rate": 0.0,
      "kg_valid_rate": 0.0,
      "avg_bleu": 0.0,
      "avg_rouge_l_f1": 0.0,
      "avg_jaro_winkler": 0.0,
      "avg_jaccard_cypher": 0.0,
      "avg_jaccard_output": 0.0,
      "avg_llmetric_q": 0.0,
      "llmetric": 0.0,
      "agentic_metrics": {
        "total_questions": 0,
        "successful_questions": 0,
        "failed_questions": 0,
        "success_rate": 0,
        "avg_iterations": 0.0,
        "max_iterations_used": 0,
        "first_attempt_success_rate": 0.0,
        "recovery_rate": 0.0,
        "iterations_to_success": {},
        "error_type_distribution": {},
        "error_recovery_by_type": {},
        "improvement_per_iteration": []
      },
      "total_questions": 52
    },
    "Few-Shot_Paths": {
      "config_name": "Few-Shot_Paths",
      "prompt_type": "few_shot",
      "schema_format": "only_paths",
      "pass_at_1_rate": 0.0,
      "kg_valid_rate": 0.0,
      "avg_bleu": 0.0,
      "avg_rouge_l_f1": 0.0,
      "avg_jaro_winkler": 0.0,
      "avg_jaccard_cypher": 0.0,
      "avg_jaccard_output": 0.0,
      "avg_llmetric_q": 0.0,
      "llmetric": 0.0,
      "agentic_metrics": {
        "total_questions": 0,
        "successful_questions": 0,
        "failed_questions": 0,
        "success_rate": 0,
        "avg_iterations": 0.0,
        "max_iterations_used": 0,
        "first_attempt_success_rate": 0.0,
        "recovery_rate": 0.0,
        "iterations_to_success": {},
        "error_type_distribution": {},
        "error_recovery_by_type": {},
        "improvement_per_iteration": []
      },
      "total_questions": 52
    },
    "CoT_Full": {
      "config_name": "CoT_Full",
      "prompt_type": "cot",
      "schema_format": "full_schema",
      "pass_at_1_rate": 0.0,
      "kg_valid_rate": 0.0,
      "avg_bleu": 0.0,
      "avg_rouge_l_f1": 0.0,
      "avg_jaro_winkler": 0.0,
      "avg_jaccard_cypher": 0.0,
      "avg_jaccard_output": 0.0,
      "avg_llmetric_q": 0.0,
      "llmetric": 0.0,
      "agentic_metrics": {
        "total_questions": 0,
        "successful_questions": 0,